Producto,Link,Titulo,Puntaje,Cant reseñas,Precio,Vendedor,Categoria
Lámpara Berna 30cm Yute,https://articulo.mercadolibre.com.ar/MLA-1159153997-lampara-colgante-rustico-hilo-yute-diamante-chica-_JM,Lampara Colgante Rustico Hilo Yute Diamante Chica,4.9,7,36990,BIOS RENOVABLE,No encontrado
Lámpara Berna 30cm Natural,https://articulo.mercadolibre.com.ar/MLA-1128223183-lampara-colgante-hilo-diamante-chico-colores-alto-26-cms-_JM,Lámpara Colgante Hilo Diamante Chico Colores Alto 26 Cms,0,0,40999,LUZDELMUNDO2000,MercadoLíder Platinum
Lámpara Berna 30cm Natural,https://articulo.mercadolibre.com.ar/MLA-1122042407-lampara-colgante-hilo-diamante-chico-alto-26-cms-_JM,Lámpara Colgante Hilo Diamante Chico Alto 26 Cms,4.7,3,38999,LUZDELMUNDO2000,MercadoLíder Platinum
Lámpara Berna 30cm Natural,https://articulo.mercadolibre.com.ar/MLA-1159160464-lampara-colgante-macrame-hilo-algodon-diamante-natural-chica-_JM,Lampara Colgante Macrame Hilo Algodon Diamante Natural Chica,5.0,2,36990,BIOS RENOVABLE,No encontrado
Lámpara Berna 40cm Yute,https://articulo.mercadolibre.com.ar/MLA-852866056-colgante-lampara-vintage-de-yute-iluminacion-1-luz-_JM,Colgante Lampara Vintage De Yute - Iluminacion 1 Luz,4.9,33,49990,LIGÜEN ARGENTINA,MercadoLíder Platinum
Lámpara Berna 40cm Yute,https://articulo.mercadolibre.com.ar/MLA-1174516808-colgante-lampara-vintage-hilo-algodon-color-1-luz-_JM,Colgante Lampara Vintage Hilo Algodon Color - 1 Luz,4.6,75,47930,LIGÜEN ARGENTINA,MercadoLíder Platinum
Lámpara Berna 40cm Yute,https://articulo.mercadolibre.com.ar/MLA-1132524998-lampara-colgante-vintage-hilo-yute-1-luz-_JM,Lámpara Colgante  Vintage Hilo Yute 1 Luz,4.7,109,47992,BRALU-ILUMINACION,MercadoLíder Platinum
Lámpara Berna 40cm Yute,https://articulo.mercadolibre.com.ar/MLA-867647684-lampara-colgante-premium-hilo-yute-40x30-altura-_JM,Lampara Colgante Premium Hilo / Yute 40x30 Altura,4.6,29,48066,LAMPARASPRO,MercadoLíder Platinum
Lámpara Berna 40cm Yute,https://articulo.mercadolibre.com.ar/MLA-1136327844-lampara-colgante-hilo-yute-diamante-apto-luz-led-_JM,Lampara Colgante Hilo Yute Diamante Apto Luz Led,4.9,23,30999,GA DECORACIÓN,No encontrado
Lámpara Berna 40cm Yute,https://articulo.mercadolibre.com.ar/MLA-1159047111-lampara-colgante-rustico-hilo-yute-diamante-_JM,Lampara Colgante Rustico Hilo Yute Diamante,4.9,12,44590,BIOS RENOVABLE,No encontrado
Lámpara Berna 40cm Natural,https://articulo.mercadolibre.com.ar/MLA-852868382-colgante-lampara-vintage-hilo-natural-iluminacion-1-luz-_JM,Colgante Lampara Vintage Hilo Natural - Iluminacion 1 Luz,4.8,130,49990,LIGÜEN ARGENTINA,MercadoLíder Platinum
Lámpara Berna 40cm Natural,https://articulo.mercadolibre.com.ar/MLA-877355404-colgante-hilo-natural-40cm-apto-led-deco-luz-desing-_JM,Colgante Hilo Natural 40cm Apto Led Deco Luz Desing,4.8,66,45710,LUZ DESING,No encontrado
Lámpara Berna 40cm Natural,https://www.mercadolibre.com.ar/lampara-de-techo-tikka-masala-diamante-algodon-color-natural-220v/p/MLA28053289,Lámpara de techo Tikka Masala Diamante algodón 220V,4.8,22,49990,LIGÜEN ARGENTINA,MercadoLíder Platinum
Lámpara Berna 40cm Natural,https://articulo.mercadolibre.com.ar/MLA-1132524998-lampara-colgante-vintage-hilo-yute-1-luz-_JM,Lámpara Colgante  Vintage Hilo Yute 1 Luz,4.7,109,47992,BRALU-ILUMINACION,MercadoLíder Platinum
Lámpara Berna 40cm Natural,https://articulo.mercadolibre.com.ar/MLA-1174516808-colgante-lampara-vintage-hilo-algodon-color-1-luz-_JM,Colgante Lampara Vintage Hilo Algodon Color - 1 Luz,4.6,75,47930,LIGÜEN ARGENTINA,MercadoLíder Platinum
Lámpara Berna 40cm Natural,https://articulo.mercadolibre.com.ar/MLA-1159015021-lampara-colgante-macrame-hilo-algodon-diamante-natural-_JM,No encontrado,0,0,No encontrado,No encontrado,No encontrado
Lámpara Berna 50cm Yute,https://articulo.mercadolibre.com.ar/MLA-1135299325-lampara-colgante-vintage-hilo-yute-1-luz-modelo-grande-_JM,No encontrado,0,0,No encontrado,No encontrado,No encontrado
Lámpara Berna 50cm Yute,https://articulo.mercadolibre.com.ar/MLA-1390404895-lampara-colgante-rustico-hilo-yute-diamante-grande-_JM,Lampara Colgante Rustico Hilo Yute Diamante Grande,0,0,52990,BIOS RENOVABLE,No encontrado
Lámpara Berna 50cm Natural,https://articulo.mercadolibre.com.ar/MLA-1158032242-lampara-colgante-hilo-natural-algodon-diamante-50cm-luz-led-_JM,Lampara Colgante Hilo Natural Algodón Diamante 50cm Luz Led,4.8,11,65679,GA DECORACIÓN,No encontrado
Lámpara Berna 50cm Natural,https://articulo.mercadolibre.com.ar/MLA-1375768929-lampara-colgante-hilo-algodon-diamante-50cm-luz-led-_JM,Lampara Colgante Hilo Algodón Diamante 50cm Luz Led,0,0,65479,GA DECORACIÓN,No encontrado
Lámpara Berna 50cm Natural,https://articulo.mercadolibre.com.ar/MLA-1159161081-lampara-colgante-macrame-hilo-algodon-diamante-natural-grand-_JM,No encontrado,0,0,No encontrado,No encontrado,No encontrado
Lámpara Bella 30cm Yute,https://articulo.mercadolibre.com.ar/MLA-1176210134-lampara-colgante-tambor-hilo-yute-1-luz-modelo-chico-30cm-_JM,Lámpara Colgante  Tambor Hilo Yute 1 Luz Modelo Chico 30cm,4.7,74,35926,BRALU-ILUMINACION,MercadoLíder Platinum
Lámpara Bella 30cm Yute,https://articulo.mercadolibre.com.ar/MLA-1175819983-lampara-colgante-vintage-hilo-algodon-color-1-luz-_JM,Lampara Colgante Vintage Hilo Algodon Color - 1 Luz,4.8,132,39990,LIGÜEN ARGENTINA,MercadoLíder Platinum
Lámpara Bella 30cm Yute,https://articulo.mercadolibre.com.ar/MLA-1159154855-lampara-colgante-rustico-hilo-yute-redonda-chica-_JM,Lampara Colgante Rustico Hilo Yute Redonda Chica,0,0,32990,BIOS RENOVABLE,No encontrado
Lámpara Bella 30cm Natural,https://articulo.mercadolibre.com.ar/MLA-1176210134-lampara-colgante-tambor-hilo-yute-1-luz-modelo-chico-30cm-_JM,Lámpara Colgante  Tambor Hilo Yute 1 Luz Modelo Chico 30cm,4.7,74,35926,BRALU-ILUMINACION,MercadoLíder Platinum
Lámpara Bella 30cm Natural,https://articulo.mercadolibre.com.ar/MLA-1175819983-lampara-colgante-vintage-hilo-algodon-color-1-luz-_JM,Lampara Colgante Vintage Hilo Algodon Color - 1 Luz,4.8,132,39990,LIGÜEN ARGENTINA,MercadoLíder Platinum
Lámpara Bella 30cm Natural,https://articulo.mercadolibre.com.ar/MLA-1107174705-lampara-colgante-de-algodon-natural-30cm-diam-modelo-bella-_JM,Lampara Colgante De Algodón Natural 30cm Diam - Modelo Bella,0,0,32990,BIOS RENOVABLE,No encontrado
Lámpara Bella 40cm Yute,https://articulo.mercadolibre.com.ar/MLA-1174312904-lampara-colgante-tambor-hilo-yute-1-luz-modelo-grande-_JM,Lámpara Colgante  Tambor Hilo Yute 1 Luz Modelo Grande,4.7,27,48029,BRALU-ILUMINACION,MercadoLíder Platinum
Lámpara Bella 40cm Yute,https://articulo.mercadolibre.com.ar/MLA-1159200288-lampara-colgante-rustico-hilo-yute-redonda-_JM,No encontrado,0,0,No encontrado,No encontrado,No encontrado
Lámpara Bella 40cm Natural,https://articulo.mercadolibre.com.ar/MLA-852864795-lampara-colgante-vintage-hilo-natural-1-luz-apto-led-_JM,Lampara Colgante Vintage Hilo Natural- 1 Luz Apto Led,4.8,315,38990,LIGÜEN ARGENTINA,MercadoLíder Platinum
Lámpara Bella 50cm Yute,https://articulo.mercadolibre.com.ar/MLA-736206110-lamparas-colgantes-rusticas-cocina-comedor-50cm-moderna-led-_JM,Lamparas Colgantes Rusticas Cocina Comedor 50cm Moderna Led,4.5,22,54726,LUZ DESING,No encontrado
Lámpara Bella 50cm Yute,https://articulo.mercadolibre.com.ar/MLA-1505838632-lampara-colgante-tambor-hilo-yute-grande-50cm-x-20cm-alto-_JM,Lámpara Colgante  Tambor Hilo Yute Grande 50cm X 20cm Alto,5.0,1,78265,BRALU-ILUMINACION,MercadoLíder Platinum
Lámpara Bella 50cm Yute,https://articulo.mercadolibre.com.ar/MLA-1146441891-lampara-colgante-hilo-algodon-natural-negro-yute-50cm-tambor-_JM,Lampara Colgante Hilo Algodón Natural Negro Yute 50cm Tambor,0,0,70645,GA DECORACIÓN,No encontrado
Lámpara Bella 50cm Yute,https://articulo.mercadolibre.com.ar/MLA-1302516110-lampara-colgante-hilo-yute-modelo-conica-35x45x25-alto-_JM,Lámpara Colgante Hilo Yute Modelo Conica 35x45x25 Alto,4.7,23,60327,BRALU-ILUMINACION,MercadoLíder Platinum
Lámpara Lucerna 40cm Yute,https://articulo.mercadolibre.com.ar/MLA-1372026915-lamparas-de-fibras-naturales-rustica-de-yute-galponera-_JM,Lamparas De Fibras Naturales Rústica De Yute Galponera,0,0,39990,BIOS RENOVABLE,No encontrado
Pantalla Pie Bella 40cm,https://articulo.mercadolibre.com.ar/MLA-1139461180-pantallas-para-iluminacion-lampara-de-pie-_JM,Pantallas Para Iluminación -  Lampara De Pie,0,0,91764,BLUETIFUL,No encontrado
Pantalla Pie Bella 40cm,https://articulo.mercadolibre.com.ar/MLA-1470627438-pantalla-para-lampara-de-pie-tambor-40cm-x-25cm-alto-_JM,Pantalla Para Lámpara De Pie Tambor 40cm X 25cm Alto,4.7,83,34689,BRALU-ILUMINACION,MercadoLíder Platinum
Pantalla Pie Bella 40cm,https://articulo.mercadolibre.com.ar/MLA-854563256-pantalla-tambor-para-veladorpie-4025-arpillera-o-lino-_JM,Pantalla Tambor Para Velador/pie 40*25 Arpillera O Lino,4.8,319,34998,BRALU-ILUMINACION,MercadoLíder Platinum
Pantalla Pie Bella 40cm,https://articulo.mercadolibre.com.ar/MLA-875183930-pantalla-para-lampara-de-pie-modelo-conica-30x40x30-alto-_JM,Pantalla Para Lampara De Pie Modelo Cónica 30x40x30 Alto,4.8,227,35120,BRALU-ILUMINACION,MercadoLíder Platinum
Pantalla Pie Bella 40cm,https://articulo.mercadolibre.com.ar/MLA-779554664-pantalla-para-lampara-de-pie-45-45-2-0-cm-alt-arpillera-pr-_JM,Pantalla Para Lámpara De Pie  45-45/ 2 0 Cm Alt Arpillera Pr,0,0,61490,LYPILUMINACION MBS,No encontrado
Pantalla Pie Bella 40cm,https://articulo.mercadolibre.com.ar/MLA-1360864255-pantalla-velador-lampara-de-pie-forma-circular-yute-rustica-_JM,Pantalla Velador Lampara De Pie Forma Circular Yute Rústica,5.0,5,31990,BIOS RENOVABLE,No encontrado
Lámpara Cónica 40cm Yute,https://articulo.mercadolibre.com.ar/MLA-1345722239-lampara-hilo-sisal-colgante-campana-nro2-tostado-claro-_JM,Lámpara Hilo Sisal Colgante Campana Nro.2 Tostado Claro,0,0,65990,LUZDELMUNDO2000,MercadoLíder Platinum
Lámpara Cónica 40cm Yute,https://articulo.mercadolibre.com.ar/MLA-643876871-lamparas-de-techo-modernas-colgante-comedor-_JM,Lamparas De Techo Modernas Colgante Comedor,4.5,6,66670,FABRICADELAMPARAS,MercadoLíder
Lámpara Cónica 40cm Yute,https://articulo.mercadolibre.com.ar/MLA-1372157781-lampara-conica-colgante-rustica-de-hilo-de-yute-luz-led-_JM,Lampara Cónica Colgante Rústica De Hilo De Yute + Luz Led,0,0,39990,BIOS RENOVABLE,No encontrado
Lámpara Cónica 40cm Natural,https://articulo.mercadolibre.com.ar/MLA-1141620359-lampara-colgante-conica-40cm-hilo-algodon-apto-luz-led-_JM,No encontrado,0,0,No encontrado,No encontrado,No encontrado
Lámpara Cónica 40cm Natural,https://articulo.mercadolibre.com.ar/MLA-1344997819-colgante-hilo-natural-conico-40cm-apto-led-deco-_JM,Colgante Hilo Natural Cónico 40cm Apto Led Deco,5.0,1,45725,LUZ DESING,No encontrado
Lámpara Cónica 50cm Natural,https://articulo.mercadolibre.com.ar/MLA-821476126-lampara-colgante-premium-hilo-yute-algodon-sintetico-_JM,Lampara Colgante Premium Hilo / Yute / Algodon / Sintetico,4.6,7,59969,LAMPARASPRO,MercadoLíder Platinum
Lámpara Cónica 50cm Natural,https://articulo.mercadolibre.com.ar/MLA-882675601-lampara-colgante-conica-de-hilo-yute-premium-a-medida-_JM,Lampara Colgante Cónica De Hilo Yute. Premium A Medida!,0,0,32000,LUCE ILUMINACION,No encontrado
Lámpara Ondulada 40cm Yute,https://articulo.mercadolibre.com.ar/MLA-1155471292-lampara-colgante-premium-ondulada-hiloyutekraft-40cm-_JM,Lampara Colgante Premium Ondulada Hilo/yute/kraft 40cm,4.2,22,45084,LAMPARASPRO,MercadoLíder Platinum
Lámpara Ondulada 40cm Yute,https://articulo.mercadolibre.com.ar/MLA-1256866095-lampara-colgante-pro-ondulada-hiloyutekraft-40cm-kit-elect-_JM,Lampara Colgante Pro Ondulada Hilo/yute/kraft 40cm Kit Elect,4.6,28,45084,LAMPARASPRO,MercadoLíder Platinum
Lámpara Ondulada 40cm Yute,https://articulo.mercadolibre.com.ar/MLA-1298755799-lampara-colgante-hilo-yute-modelo-flor-40cm-diametro-_JM,Lámpara Colgante Hilo Yute Modelo Flor 40cm Diámetro,4.5,72,40504,BRALU-ILUMINACION,MercadoLíder Platinum
Lámpara Ondulada 40cm Yute,https://articulo.mercadolibre.com.ar/MLA-1398577593-lampara-colgante-rustica-hilo-yute-ondulada-_JM,Lampara Colgante Rustica Hilo Yute Ondulada,0,0,37990,BIOS RENOVABLE,No encontrado
Lámpara Ondulada 50cm Yute,https://articulo.mercadolibre.com.ar/MLA-1155434357-lampara-colgante-premium-ondulada-50cm-hiloyutekraft-_JM,Lampara Colgante Premium Ondulada 50cm Hilo/yute/kraft,5.0,28,47969,LAMPARASPRO,MercadoLíder Platinum
Lámpara Ondulada 60cm Yute,https://articulo.mercadolibre.com.ar/MLA-1220870341-lampara-colgante-ondulada-personalizada-hiloyute-60cm-_JM,Lampara Colgante Ondulada Personalizada Hilo/yute 60cm,4.6,5,59303,LAMPARASPRO,MercadoLíder Platinum
Lámpara Ondulada 60cm Yute,https://articulo.mercadolibre.com.ar/MLA-1155471309-lampara-colgante-premium-ondulada-hiloyutekraft-60cm-_JM,Lampara Colgante Premium Ondulada Hilo/yute/kraft 60cm,4.8,25,56573,LAMPARASPRO,MercadoLíder Platinum
Lámpara Ondulada 60cm Yute,https://articulo.mercadolibre.com.ar/MLA-1298807517-lampara-colgante-hilo-yute-modelo-flor-grande-60-cm-diametro-_JM,Lámpara Colgante Hilo Yute Modelo Flor Grande 60 Cm Diámetro,4.7,93,51201,BRALU-ILUMINACION,MercadoLíder Platinum
